Feature,Chi2 Score
Mcg,97.28709840245905
 Gvh,6.338764270871769
 Alm,693.3756296047272
 Mit,124.69453246153788
 Erl,0.009871281835621696
 Pox,115.12414837244512
 Vac,12.197334943308832
 Nuc,6.022704942081998
