Feature,Lasso,Chi2 Score,Mutual,RFE
Mcg,0.8814790904413314,97.28709840245904,0.0141264467298751,5.0
 Gvh,0.9370583854094857,6.338764270871769,0.0,8.0
 Alm,0.7969734660100476,693.3756296047272,0.1150501920942745,3.0
 Mit,0.8579697964932096,124.69453246153788,0.011947381568808,4.0
 Erl,1.0,0.0098712818356216,0.0035482592251963,2.0
 Pox,0.0,115.12414837244512,0.0081948011520438,1.0
 Vac,0.9709749431450871,12.197334943308832,0.0,7.0
 Nuc,0.9003462205558594,6.022704942081998,0.0015199020510077,6.0
