Feature,Lasso,Chi2,Mutual Information,RFE
Mcg,88.14790904413314,14.03,12.279,57.143
 Gvh,93.70583854094858,0.913,0.0,100.0
 Alm,79.69734660100475,100.0,100.0,28.571
 Mit,85.79697964932096,17.983,10.384,42.857
 Erl,100.0,0.0,3.084,14.286
 Pox,0.0,16.602,7.123,0.0
 Vac,97.09749431450872,1.758,0.0,85.714
 Nuc,90.03462205558594,0.867,1.321,71.429
